algorithm,alpha,client,auc,accuracy,sensitivity,specificity
FedAvg,0.1,0,0.7205765177072944,0.6117276089988478,0.8677130044843049,0.3938713660343473
FedAvg,0.1,1,0.720301624452808,0.6109999393608635,0.8719335267739383,0.38893254012796047
FedAvg,0.1,2,0.7218089517270656,0.6250075798920623,0.8463466103930362,0.4366371085419239
FedAvg,0.1,3,0.7206179400799176,0.6121520829543388,0.8670535478765498,0.395218318554271
FedAvg,0.1,4,0.7217877371952685,0.6247650233460675,0.8467422843576893,0.43585138623863506
FedProx,0.1,0,0.6868268771921993,0.5432660238918198,0.9095225534159852,0.23156358738354474
FedProx,0.1,1,0.6867487254033937,0.5422957977078406,0.9109733579530467,0.22853294421371648
FedProx,0.1,2,0.6864029788696453,0.5479958765387181,0.9053020311263519,0.24391065214951174
FedProx,0.1,3,0.6868363889414523,0.5433266630283184,0.9096544447375363,0.23156358738354474
FedProx,0.1,4,0.6864815747868206,0.5480565156752167,0.9050382484832498,0.24424739027949266
SCAFFOLD,0.1,0,0.6579776972944795,0.459765932933115,1.0,0.0
SCAFFOLD,0.1,1,0.6576136822804535,0.459765932933115,1.0,0.0
SCAFFOLD,0.1,2,0.6607430033719114,0.459765932933115,1.0,0.0
SCAFFOLD,0.1,3,0.6580356708510171,0.459765932933115,1.0,0.0
SCAFFOLD,0.1,4,0.6606231257227634,0.459765932933115,1.0,0.0
FedNova,0.1,0,0.7200581606826242,0.6716997149960584,0.6570825639672909,0.6841396340778988
FedNova,0.1,1,0.7195646230316859,0.6712752410405676,0.6623582168293326,0.678864070041531
FedNova,0.1,2,0.7230060405307405,0.6744891152749984,0.6151411237140596,0.7249971938489168
FedNova,0.1,3,0.7201318859920106,0.6721241889515494,0.6564231073595358,0.6854865865978225
FedNova,0.1,4,0.7229085099407329,0.6744891152749984,0.6165919282511211,0.7237624873723201
FedAvg,0.5,0,0.7168650405508447,0.6668485840761628,0.5416776576101292,0.7733752385228421
FedAvg,0.5,1,0.7166253000568277,0.6675762537141471,0.5464257451859668,0.7706813334829947
FedAvg,0.5,2,0.7186662327631189,0.6661209144381784,0.5129253495120021,0.7964979234481985
FedAvg,0.5,3,0.7169008076888923,0.6669092232126614,0.5412819836454761,0.7738242226961499
FedAvg,0.5,4,0.7185798942080301,0.6665453883936693,0.5146399366921657,0.7958244471882366
FedProx,0.5,0,0.6849923975586086,0.6193075010611849,0.32273806383539966,0.8717027724772701
FedProx,0.5,1,0.6846152881598131,0.6187617488326966,0.3220786072276444,0.8712537883039623
FedProx,0.5,2,0.6877682220762652,0.6190649445151901,0.31957267211817464,0.8739476933438096
FedProx,0.5,3,0.6850480468433443,0.6193681401976836,0.32273806383539966,0.8718150185205972
FedProx,0.5,4,0.6876435404385839,0.6189436662421927,0.3193088894750725,0.8739476933438096
SCAFFOLD,0.5,0,0.630667148318949,0.5402340670668849,0.0,1.0
SCAFFOLD,0.5,1,0.6305117552044961,0.5402340670668849,0.0,1.0
SCAFFOLD,0.5,2,0.6318250872068261,0.5402340670668849,0.0,1.0
SCAFFOLD,0.5,3,0.6306882962314908,0.5402340670668849,0.0,1.0
SCAFFOLD,0.5,4,0.6317517246022749,0.5402340670668849,0.0,1.0
FedNova,0.5,0,0.7108036727876537,0.6345279243223576,0.35676602479556846,0.8709170501739814
FedNova,0.5,1,0.7104657873260508,0.6351949548238434,0.3591400685834872,0.8701313278706926
FedNova,0.5,2,0.7127810063113899,0.6339215329573706,0.3466103930361382,0.8784375350768885
FedNova,0.5,3,0.7108531042752122,0.6345885634588564,0.35676602479556846,0.8710292962173083
FedNova,0.5,4,0.7127097829251533,0.6341034503668668,0.3471379583223424,0.8783252890335616
FedAvg,1.0,0,0.7494240617321852,0.6958340913225396,0.600764969664996,0.7767426198226512
FedAvg,1.0,1,0.7493243549131656,0.6958947304590383,0.6012925349512002,0.7764058816926703
FedAvg,1.0,2,0.7497729985880568,0.6957128130495421,0.5985228171986283,0.7784263104725558
FedAvg,1.0,3,0.7494397468657787,0.6959553695955369,0.6011606436296492,0.7766303737793243
FedAvg,1.0,4,0.7497739164533542,0.6958947304590383,0.5991822738063836,0.7782018183859019
FedProx,1.0,0,0.7399413954850916,0.6807955854708629,0.5468214191506199,0.7948142327982939
FedProx,1.0,1,0.7398450640416825,0.6804317506518707,0.547217093115273,0.7938040184083511
FedProx,1.0,2,0.7403492977841932,0.6807349463343642,0.5433922447902928,0.7976203838814682
FedProx,1.0,3,0.7399568067395237,0.6806136680613668,0.5465576365075178,0.7947019867549668
FedProx,1.0,4,0.7403408889537251,0.6808562246073616,0.5432603534687418,0.7979571220114491
SCAFFOLD,1.0,0,0.6557551753020568,0.4621914983930629,0.9982854128198364,0.005949040296329555
SCAFFOLD,1.0,1,0.6555285291928095,0.462373415802559,0.9982854128198364,0.006285778426310473
SCAFFOLD,1.0,2,0.657790830282887,0.4613425504820811,0.9992086520706938,0.0035918733864631273
SCAFFOLD,1.0,3,0.6557893805886708,0.4621914983930629,0.9982854128198364,0.005949040296329555
SCAFFOLD,1.0,4,0.6576833586195353,0.46128191134558244,0.9990767607491428,0.0035918733864631273
FedNova,1.0,0,0.7456329597611703,0.690740403856649,0.616064362964917,0.7542934111572567
FedNova,1.0,1,0.7454984702886559,0.690740403856649,0.6176470588235294,0.752946458637333
FedNova,1.0,2,0.746432183566901,0.691953186586623,0.61012925349512,0.7615894039735099
FedNova,1.0,3,0.7456560544363997,0.6906797647201504,0.6158005803218148,0.7544056572005837
FedNova,1.0,4,0.7464068238369854,0.691771269177127,0.61012925349512,0.761252665843529
FedAvg,5.0,0,0.7518122732151007,0.6952883390940513,0.5867844895805856,0.7876304860253676
FedAvg,5.0,1,0.7516926324344165,0.6955915347765448,0.5877077288314428,0.7874059939387137
FedAvg,5.0,2,0.7524038448015322,0.6942574737735735,0.5799261408599314,0.7915590975418116
FedAvg,5.0,3,0.7518264483122367,0.6952883390940513,0.5866525982590346,0.7877427320686946
FedAvg,5.0,4,0.7523928748307982,0.6942574737735735,0.5803218148245846,0.7912223594118307
FedProx,5.0,0,0.7538156474655859,0.697531987144503,0.5987865998417304,0.781569199685711
FedProx,5.0,1,0.7536986492487021,0.6977139045539992,0.5989184911632814,0.781793691772365
FedProx,5.0,2,0.7544835795230649,0.697350069735007,0.5937747296227909,0.7854978112021551
FedProx,5.0,3,0.75383293886345,0.6977139045539992,0.5989184911632814,0.781793691772365
FedProx,5.0,4,0.7544658365946912,0.6972894305985082,0.5940385122658929,0.7851610730721742
SCAFFOLD,5.0,0,0.6625804586655797,0.5875325935358681,0.7836982326562912,0.4205859243461668
SCAFFOLD,5.0,1,0.6622489242396647,0.5891698502213328,0.7794777103666579,0.4272084409024582
SCAFFOLD,5.0,2,0.6653474450286773,0.5750409314171366,0.8307834344500132,0.35739140195308117
SCAFFOLD,5.0,3,0.6626307413991802,0.5874113152628706,0.7843576892640465,0.419800202042878
SCAFFOLD,5.0,4,0.6652058050894091,0.5757079619186223,0.8277499340543393,0.3612077674261982
FedNova,5.0,0,0.7543324278345436,0.6998969134679522,0.6045898179899762,0.7810079694690762
FedNova,5.0,1,0.7542149632828713,0.6995330786489601,0.6048536006330784,0.7801100011224604
FedNova,5.0,2,0.754904028448613,0.6994118003759626,0.5989184911632814,0.7849365809855202
FedNova,5.0,3,0.7543507185212397,0.6997756351949548,0.6043260353468741,0.7810079694690762
FedNova,5.0,4,0.754897692217204,0.6994724395124613,0.5991822738063836,0.7848243349421933
Central,,0,0.7365256486058115,0.6856467163907586,0.6238459509364284,0.7382422269614997
Central,,1,0.7363031624989611,0.6848584076162756,0.6270113426536534,0.7340891233584016
Central,,2,0.7376984435876582,0.6867988599842338,0.6032709047744659,0.7578852845437198
Central,,3,0.7365632366701754,0.6854647989812626,0.6233183856502242,0.7383544730048266
Central,,4,0.7376691607238097,0.6867382208477352,0.6040622527037721,0.7570995622404311
